time,bid,bidSize,ask,askSize,last,lastSize,prevBidSize,prevAskSize,volume,open,high,low,close
2021-10-25 16:59:04.585453+00:00,122.92,6.0,122.93,5.0,122.92,10.0,12.0,2.0,316181.0,120.53,123.46,118.6,119.82
2021-10-25 16:59:04.992327+00:00,122.91,5.0,122.93,24.0,122.92,10.0,6.0,5.0,316181.0,120.53,123.46,118.6,119.82
2021-10-25 16:59:04.994322+00:00,122.91,5.0,122.93,24.0,122.92,10.0,6.0,5.0,316181.0,120.53,123.46,118.6,119.82
2021-10-25 16:59:04.995317+00:00,122.91,3.0,122.92,2.0,122.92,1.0,5.0,24.0,316182.0,120.53,123.46,118.6,119.82
2021-10-25 16:59:05.402567+00:00,122.91,3.0,122.92,2.0,122.92,1.0,5.0,24.0,316182.0,120.53,123.46,118.6,119.82
2021-10-25 16:59:05.403533+00:00,122.91,3.0,122.92,2.0,122.92,1.0,5.0,24.0,316182.0,120.53,123.46,118.6,119.82
2021-10-25 16:59:05.404524+00:00,122.91,3.0,122.92,2.0,122.92,1.0,5.0,24.0,316183.0,120.53,123.46,118.6,119.82
2021-10-25 16:59:05.811024+00:00,122.9,5.0,122.91,1.0,122.92,1.0,3.0,2.0,316183.0,120.53,123.46,118.6,119.82
2021-10-25 16:59:05.813011+00:00,122.9,5.0,122.91,1.0,122.9,5.0,3.0,2.0,316183.0,120.53,123.46,118.6,119.82
2021-10-25 16:59:05.815006+00:00,122.9,13.0,122.92,14.0,122.9,5.0,5.0,1.0,316188.0,120.53,123.46,118.6,119.82
2021-10-25 16:59:06.355437+00:00,122.9,17.0,122.92,7.0,122.9,5.0,13.0,14.0,316188.0,120.53,123.46,118.6,119.82
2021-10-25 16:59:06.835410+00:00,122.9,17.0,122.92,7.0,122.9,5.0,13.0,14.0,316188.0,120.53,123.46,118.6,119.82
2021-10-25 16:59:06.837341+00:00,122.9,17.0,122.92,7.0,122.9,2.0,13.0,14.0,316188.0,120.53,123.46,118.6,119.82
2021-10-25 16:59:06.838333+00:00,122.9,17.0,122.92,7.0,122.9,2.0,13.0,14.0,316190.0,120.53,123.46,118.6,119.82
2021-10-25 16:59:07.449365+00:00,122.9,17.0,122.92,7.0,122.9,2.0,13.0,14.0,316190.0,120.53,123.46,118.6,119.82
2021-10-25 16:59:07.451444+00:00,122.9,17.0,122.92,7.0,122.9,1.0,13.0,14.0,316191.0,120.53,123.46,118.6,119.82
2021-10-25 16:59:07.452356+00:00,122.9,11.0,122.92,11.0,122.9,1.0,17.0,7.0,316191.0,120.53,123.46,118.6,119.82
2021-10-25 16:59:08.073027+00:00,122.9,11.0,122.92,11.0,122.91,5.0,17.0,7.0,316196.0,120.53,123.46,118.6,119.82
2021-10-25 16:59:08.076026+00:00,122.9,22.0,122.92,7.0,122.91,5.0,11.0,11.0,316201.0,120.53,123.46,118.6,119.82
2021-10-25 16:59:08.476255+00:00,122.9,15.0,122.92,14.0,122.91,5.0,22.0,7.0,316201.0,120.53,123.46,118.6,119.82
2021-10-25 16:59:08.802206+00:00,122.9,15.0,122.92,14.0,122.91,5.0,22.0,7.0,316201.0,120.53,123.46,118.6,119.82
2021-10-25 16:59:08.804201+00:00,122.9,15.0,122.92,14.0,122.91,5.0,22.0,7.0,316201.0,120.53,123.46,118.6,119.82
2021-10-25 16:59:08.807191+00:00,122.91,13.0,122.93,14.0,122.92,1.0,15.0,7.0,316202.0,120.53,123.46,118.6,119.82
2021-10-25 16:59:09.140266+00:00,122.91,1.0,122.92,5.0,122.92,1.0,13.0,14.0,316202.0,120.53,123.46,118.6,119.82
2021-10-25 16:59:09.459118+00:00,122.91,1.0,122.92,5.0,122.92,1.0,13.0,14.0,316202.0,120.53,123.46,118.6,119.82
2021-10-25 16:59:09.460347+00:00,122.91,1.0,122.92,5.0,122.92,1.0,13.0,14.0,316203.0,120.53,123.46,118.6,119.82
2021-10-25 16:59:09.461891+00:00,122.9,18.0,122.92,5.0,122.92,1.0,1.0,14.0,316203.0,120.53,123.46,118.6,119.82
2021-10-25 16:59:09.773808+00:00,122.9,7.0,122.91,2.0,122.92,1.0,18.0,5.0,316203.0,120.53,123.46,118.6,119.82
2021-10-25 16:59:09.775985+00:00,122.9,7.0,122.91,2.0,122.92,1.0,18.0,5.0,316203.0,120.53,123.46,118.6,119.82
2021-10-25 16:59:09.776627+00:00,122.9,7.0,122.91,2.0,122.91,5.0,18.0,5.0,316208.0,120.53,123.46,118.6,119.82
2021-10-25 16:59:10.272172+00:00,122.9,7.0,122.91,2.0,122.91,5.0,18.0,5.0,316208.0,120.53,123.46,118.6,119.82
2021-10-25 16:59:10.274167+00:00,122.9,7.0,122.91,2.0,122.91,2.0,18.0,5.0,316208.0,120.53,123.46,118.6,119.82
2021-10-25 16:59:10.275358+00:00,122.9,13.0,122.91,2.0,122.91,2.0,7.0,5.0,316210.0,120.53,123.46,118.6,119.82
2021-10-25 16:59:10.593253+00:00,122.91,5.0,122.92,3.0,122.91,2.0,13.0,2.0,316210.0,120.53,123.46,118.6,119.82
2021-10-25 16:59:10.927914+00:00,122.91,5.0,122.92,3.0,122.91,2.0,13.0,2.0,316210.0,120.53,123.46,118.6,119.82
2021-10-25 16:59:10.929184+00:00,122.91,5.0,122.92,3.0,122.91,1.0,13.0,2.0,316211.0,120.53,123.46,118.6,119.82
2021-10-25 16:59:10.930236+00:00,122.9,11.0,122.91,1.0,122.91,1.0,5.0,3.0,316211.0,120.53,123.46,118.6,119.82
2021-10-25 16:59:17.894299+00:00,122.9,11.0,122.91,1.0,122.91,1.0,5.0,3.0,316211.0,120.53,123.46,118.6,119.82
2021-10-25 16:59:17.896294+00:00,122.9,11.0,122.91,1.0,122.91,1.0,5.0,3.0,316211.0,120.53,123.46,118.6,119.82
2021-10-25 16:59:17.898290+00:00,122.9,11.0,122.91,1.0,122.91,1.0,5.0,3.0,316212.0,120.53,123.46,118.6,119.82
2021-10-25 16:59:17.899286+00:00,122.9,20.0,122.92,3.0,122.91,1.0,11.0,1.0,316212.0,120.53,123.46,118.6,119.82
2021-10-25 16:59:17.901611+00:00,122.9,30.0,122.92,2.0,122.92,8.0,25.0,3.0,316221.0,120.53,123.46,118.6,119.82
2021-10-25 16:59:17.904518+00:00,122.92,4.0,122.93,5.0,122.9,5.0,32.0,2.0,316226.0,120.53,123.46,118.6,119.82
2021-10-25 16:59:17.906512+00:00,122.92,4.0,122.93,5.0,122.91,1.0,32.0,2.0,316227.0,120.53,123.46,118.6,119.82
2021-10-25 16:59:17.908507+00:00,122.89,31.0,122.91,2.0,122.9,1.0,4.0,5.0,316227.0,120.53,123.46,118.6,119.82
2021-10-25 16:59:17.910501+00:00,122.89,16.0,122.91,9.0,122.9,1.0,31.0,2.0,316228.0,120.53,123.46,118.6,119.82
2021-10-25 16:59:17.912495+00:00,122.89,14.0,122.91,3.0,122.92,5.0,16.0,9.0,316233.0,120.53,123.46,118.6,119.82
2021-10-25 16:59:17.914489+00:00,122.89,14.0,122.91,3.0,122.92,5.0,16.0,9.0,316233.0,120.53,123.46,118.6,119.82
2021-10-25 16:59:17.916484+00:00,122.89,14.0,122.91,3.0,122.89,1.0,16.0,9.0,316234.0,120.53,123.46,118.6,119.82
2021-10-25 16:59:17.918478+00:00,122.89,8.0,122.91,13.0,122.89,1.0,14.0,3.0,316234.0,120.53,123.46,118.6,119.82
2021-10-25 16:59:17.920268+00:00,122.89,8.0,122.91,13.0,122.89,1.0,14.0,3.0,316234.0,120.53,123.46,118.6,119.82
2021-10-25 16:59:17.922104+00:00,122.89,8.0,122.91,13.0,122.89,5.0,14.0,3.0,316239.0,120.53,123.46,118.6,119.82
2021-10-25 16:59:17.923200+00:00,122.89,3.0,122.9,3.0,122.89,5.0,8.0,13.0,316239.0,120.53,123.46,118.6,119.82
2021-10-25 16:59:17.929485+00:00,122.87,10.0,122.89,3.0,122.88,1.0,3.0,9.0,316241.0,120.53,123.46,118.6,119.82
2021-10-25 16:59:18.320096+00:00,122.86,12.0,122.88,8.0,122.88,1.0,10.0,3.0,316241.0,120.53,123.46,118.6,119.82
2021-10-25 16:59:18.918068+00:00,122.86,12.0,122.88,8.0,122.88,1.0,10.0,3.0,316242.0,120.53,123.46,118.6,119.82
2021-10-25 16:59:18.920063+00:00,122.88,4.0,122.89,3.0,122.88,1.0,12.0,8.0,316242.0,120.53,123.46,118.6,119.82
2021-10-25 16:59:19.368924+00:00,122.88,4.0,122.89,3.0,122.88,1.0,12.0,8.0,316242.0,120.53,123.46,118.6,119.82
2021-10-25 16:59:19.369923+00:00,122.88,4.0,122.89,3.0,122.89,1.0,12.0,8.0,316243.0,120.53,123.46,118.6,119.82
2021-10-25 16:59:19.371334+00:00,122.87,1.0,122.88,5.0,122.89,1.0,4.0,3.0,316243.0,120.53,123.46,118.6,119.82
2021-10-25 16:59:19.371918+00:00,122.87,1.0,122.88,5.0,122.89,1.0,4.0,3.0,316243.0,120.53,123.46,118.6,119.82
2021-10-25 16:59:19.372970+00:00,122.87,1.0,122.88,5.0,122.87,2.0,4.0,3.0,316245.0,120.53,123.46,118.6,119.82
2021-10-25 16:59:19.698008+00:00,122.86,1.0,122.87,4.0,122.87,2.0,4.0,5.0,316245.0,120.53,123.46,118.6,119.82
2021-10-25 16:59:20.007088+00:00,122.86,1.0,122.87,4.0,122.87,2.0,4.0,5.0,316245.0,120.53,123.46,118.6,119.82
2021-10-25 16:59:20.009083+00:00,122.86,10.0,122.87,3.0,122.87,1.0,1.0,4.0,316246.0,120.53,123.46,118.6,119.82
2021-10-25 16:59:20.010207+00:00,122.85,17.0,122.87,3.0,122.87,1.0,10.0,4.0,316246.0,120.53,123.46,118.6,119.82
2021-10-25 16:59:20.556508+00:00,122.85,17.0,122.87,3.0,122.87,1.0,10.0,4.0,316246.0,120.53,123.46,118.6,119.82
2021-10-25 16:59:20.557413+00:00,122.85,17.0,122.87,3.0,122.86,5.0,10.0,4.0,316251.0,120.53,123.46,118.6,119.82
2021-10-25 16:59:20.884216+00:00,122.85,17.0,122.87,3.0,122.87,7.0,10.0,4.0,316251.0,120.53,123.46,118.6,119.82
2021-10-25 16:59:20.884216+00:00,122.86,1.0,122.87,2.0,122.87,7.0,17.0,3.0,316258.0,120.53,123.46,118.6,119.82
2021-10-25 16:59:21.580309+00:00,122.85,15.0,122.87,6.0,122.87,7.0,1.0,2.0,316258.0,120.53,123.46,118.6,119.82
2021-10-25 16:59:22.194548+00:00,122.85,15.0,122.87,6.0,122.87,7.0,1.0,2.0,316258.0,120.53,123.46,118.6,119.82
2021-10-25 16:59:22.195693+00:00,122.85,15.0,122.87,6.0,122.87,7.0,1.0,2.0,316258.0,120.53,123.46,118.6,119.82
2021-10-25 16:59:22.196542+00:00,122.85,15.0,122.87,6.0,122.86,1.0,1.0,2.0,316259.0,120.53,123.46,118.6,119.82
2021-10-25 16:59:22.196542+00:00,122.85,18.0,122.86,2.0,122.86,1.0,15.0,6.0,316259.0,120.53,123.46,118.6,119.82
2021-10-25 16:59:22.198148+00:00,122.85,22.0,122.87,6.0,122.87,2.0,18.0,2.0,316259.0,120.53,123.46,118.6,119.82
2021-10-25 16:59:22.199534+00:00,122.87,4.0,122.88,2.0,122.87,2.0,22.0,6.0,316261.0,120.53,123.46,118.6,119.82
2021-10-25 16:59:22.811608+00:00,122.89,1.0,122.9,1.0,122.87,2.0,4.0,2.0,316261.0,120.53,123.46,118.6,119.82
2021-10-25 16:59:22.815597+00:00,122.89,11.0,122.91,3.0,122.88,1.0,1.0,1.0,316262.0,120.53,123.46,118.6,119.82
2021-10-25 16:59:23.398020+00:00,122.89,11.0,122.91,3.0,122.88,1.0,1.0,1.0,316262.0,120.53,123.46,118.6,119.82
2021-10-25 16:59:23.399020+00:00,122.89,11.0,122.91,3.0,122.9,1.0,1.0,1.0,316262.0,120.53,123.46,118.6,119.82
2021-10-25 16:59:23.400015+00:00,122.89,9.0,122.91,9.0,122.9,1.0,11.0,3.0,316263.0,120.53,123.46,118.6,119.82
2021-10-25 16:59:23.904563+00:00,122.89,9.0,122.91,9.0,122.9,1.0,11.0,3.0,316263.0,120.53,123.46,118.6,119.82
2021-10-25 16:59:23.905564+00:00,122.89,5.0,122.91,20.0,122.9,3.0,9.0,9.0,316266.0,120.53,123.46,118.6,119.82
2021-10-25 16:59:24.448445+00:00,122.89,5.0,122.91,20.0,122.9,3.0,9.0,9.0,316266.0,120.53,123.46,118.6,119.82
2021-10-25 16:59:24.449428+00:00,122.89,5.0,122.91,20.0,122.9,3.0,9.0,9.0,316266.0,120.53,123.46,118.6,119.82
2021-10-25 16:59:24.450426+00:00,122.89,5.0,122.91,20.0,122.89,1.0,9.0,9.0,316267.0,120.53,123.46,118.6,119.82
2021-10-25 16:59:24.452520+00:00,122.87,16.0,122.89,7.0,122.89,1.0,5.0,20.0,316267.0,120.53,123.46,118.6,119.82
2021-10-25 16:59:25.073601+00:00,122.87,16.0,122.89,7.0,122.89,1.0,5.0,20.0,316267.0,120.53,123.46,118.6,119.82
2021-10-25 16:59:25.074598+00:00,122.87,16.0,122.89,7.0,122.89,1.0,5.0,20.0,316268.0,120.53,123.46,118.6,119.82
2021-10-25 16:59:25.075595+00:00,122.87,6.0,122.89,15.0,122.89,1.0,20.0,3.0,316268.0,120.53,123.46,118.6,119.82
2021-10-25 16:59:26.506966+00:00,122.87,6.0,122.89,15.0,122.89,1.0,20.0,3.0,316268.0,120.53,123.46,118.6,119.82
2021-10-25 16:59:26.507962+00:00,122.87,6.0,122.89,15.0,122.88,15.0,20.0,3.0,316283.0,120.53,123.46,118.6,119.82
2021-10-25 16:59:26.941803+00:00,122.87,7.0,122.89,8.0,122.88,15.0,6.0,15.0,316283.0,120.53,123.46,118.6,119.82
2021-10-25 16:59:26.942861+00:00,122.87,9.0,122.89,14.0,122.88,15.0,7.0,11.0,316283.0,120.53,123.46,118.6,119.82
2021-10-25 16:59:27.724803+00:00,122.87,9.0,122.89,14.0,122.88,15.0,7.0,11.0,316283.0,120.53,123.46,118.6,119.82
2021-10-25 16:59:27.725706+00:00,122.87,9.0,122.89,14.0,122.88,15.0,7.0,11.0,316283.0,120.53,123.46,118.6,119.82
2021-10-25 16:59:27.726704+00:00,122.9,1.0,122.91,6.0,122.88,1.0,9.0,14.0,316284.0,120.53,123.46,118.6,119.82
2021-10-25 16:59:28.362002+00:00,122.9,12.0,122.92,4.0,122.88,1.0,1.0,6.0,316284.0,120.53,123.46,118.6,119.82
2021-10-25 16:59:28.363384+00:00,122.9,12.0,122.92,4.0,122.88,1.0,1.0,6.0,316284.0,120.53,123.46,118.6,119.82
2021-10-25 16:59:28.363998+00:00,122.92,10.0,122.94,19.0,122.94,6.0,12.0,4.0,316290.0,120.53,123.46,118.6,119.82
2021-10-25 16:59:28.794849+00:00,122.92,4.0,122.93,4.0,122.94,6.0,10.0,19.0,316290.0,120.53,123.46,118.6,119.82
2021-10-25 16:59:28.796070+00:00,122.92,4.0,122.93,4.0,122.94,6.0,10.0,19.0,316290.0,120.53,123.46,118.6,119.82
2021-10-25 16:59:28.796842+00:00,122.94,8.0,122.96,7.0,122.93,1.0,4.0,4.0,316291.0,120.53,123.46,118.6,119.82
2021-10-25 16:59:29.362906+00:00,122.94,9.0,122.96,9.0,122.93,1.0,8.0,7.0,316291.0,120.53,123.46,118.6,119.82
2021-10-25 16:59:29.364944+00:00,122.94,9.0,122.96,9.0,122.93,1.0,8.0,7.0,316291.0,120.53,123.46,118.6,119.82
2021-10-25 16:59:29.365856+00:00,122.94,9.0,122.96,9.0,122.96,2.0,8.0,7.0,316293.0,120.53,123.46,118.6,119.82
2021-10-25 16:59:29.366847+00:00,122.94,22.0,122.97,8.0,122.96,2.0,9.0,9.0,316293.0,120.53,123.46,118.6,119.82
2021-10-25 16:59:29.977829+00:00,122.96,11.0,122.98,1.0,122.96,2.0,22.0,8.0,316293.0,120.53,123.46,118.6,119.82
2021-10-25 16:59:29.978830+00:00,122.96,11.0,122.98,1.0,122.96,2.0,22.0,8.0,316293.0,120.53,123.46,118.6,119.82
2021-10-25 16:59:29.979823+00:00,122.98,2.0,122.99,16.0,122.98,1.0,11.0,1.0,316294.0,120.53,123.46,118.6,119.82
2021-10-25 16:59:30.592233+00:00,123.01,1.0,123.02,5.0,122.98,1.0,2.0,16.0,316294.0,120.53,123.46,118.6,119.82
2021-10-25 16:59:30.593303+00:00,123.01,1.0,123.02,5.0,122.98,1.0,2.0,16.0,316294.0,120.53,123.46,118.6,119.82
2021-10-25 16:59:30.594180+00:00,123.01,1.0,123.02,5.0,123.01,1.0,2.0,16.0,316294.0,120.53,123.46,118.6,119.82
2021-10-25 16:59:30.595177+00:00,123.01,1.0,123.03,5.0,123.01,1.0,2.0,16.0,316295.0,120.53,123.46,118.6,119.82
2021-10-25 16:59:30.927399+00:00,123.05,1.0,123.06,17.0,123.01,1.0,2.0,5.0,316295.0,120.53,123.46,118.6,119.82
2021-10-25 16:59:30.928561+00:00,123.05,1.0,123.06,17.0,123.01,1.0,2.0,5.0,316295.0,120.53,123.46,118.6,119.82
2021-10-25 16:59:30.930336+00:00,123.05,1.0,123.06,17.0,123.07,1.0,2.0,5.0,316296.0,120.53,123.46,118.6,119.82
2021-10-25 16:59:30.931391+00:00,123.07,1.0,123.08,21.0,123.07,1.0,2.0,17.0,316296.0,120.53,123.46,118.6,119.82
2021-10-25 16:59:30.932389+00:00,123.07,4.0,123.08,3.0,123.07,1.0,1.0,21.0,316296.0,120.53,123.46,118.6,119.82
2021-10-25 16:59:31.427564+00:00,123.05,4.0,123.07,15.0,123.08,29.0,1.0,3.0,316325.0,120.53,123.46,118.6,119.82
2021-10-25 16:59:32.230659+00:00,123.04,1.0,123.06,14.0,123.08,29.0,4.0,15.0,316325.0,120.53,123.46,118.6,119.82
2021-10-25 16:59:32.231650+00:00,123.04,1.0,123.06,14.0,123.05,20.0,4.0,15.0,316325.0,120.53,123.46,118.6,119.82
2021-10-25 16:59:32.233645+00:00,123.04,1.0,123.06,14.0,123.05,20.0,4.0,15.0,316345.0,120.53,123.46,118.6,119.82
2021-10-25 16:59:32.235639+00:00,123.04,2.0,123.05,3.0,123.05,20.0,1.0,14.0,316345.0,120.53,123.46,118.6,119.82
2021-10-25 16:59:32.844974+00:00,123.04,2.0,123.05,3.0,123.05,20.0,1.0,14.0,317449.0,120.53,123.46,118.6,119.82
2021-10-25 16:59:32.845969+00:00,123.04,2.0,123.05,3.0,123.05,20.0,1.0,14.0,317449.0,120.53,123.46,118.6,119.82
2021-10-25 16:59:32.846971+00:00,123.04,12.0,123.07,17.0,123.05,1.0,2.0,3.0,317450.0,120.53,123.46,118.6,119.82
2021-10-25 16:59:33.187116+00:00,123.04,12.0,123.07,17.0,123.06,2.0,2.0,3.0,317450.0,120.53,123.46,118.6,119.82
2021-10-25 16:59:33.193892+00:00,123.04,12.0,123.07,17.0,123.06,2.0,2.0,3.0,317452.0,120.53,123.46,118.6,119.82
2021-10-25 16:59:33.195914+00:00,123.04,11.0,123.05,1.0,123.06,2.0,12.0,17.0,317452.0,120.53,123.46,118.6,119.82
2021-10-25 16:59:33.202876+00:00,123.04,14.0,123.07,22.0,123.07,1.0,11.0,1.0,317453.0,120.53,123.46,118.6,119.82
2021-10-25 16:59:33.672743+00:00,123.04,1.0,123.05,4.0,123.07,1.0,14.0,22.0,317453.0,120.53,123.46,118.6,119.82
2021-10-25 16:59:33.988894+00:00,123.04,1.0,123.05,4.0,123.07,1.0,14.0,22.0,317453.0,120.53,123.46,118.6,119.82
2021-10-25 16:59:33.990894+00:00,123.04,1.0,123.05,4.0,123.05,1.0,14.0,22.0,317453.0,120.53,123.46,118.6,119.82
2021-10-25 16:59:33.991884+00:00,123.04,5.0,123.06,10.0,123.05,1.0,1.0,4.0,317454.0,120.53,123.46,118.6,119.82
2021-10-25 16:59:34.483569+00:00,123.04,5.0,123.06,10.0,123.05,1.0,1.0,4.0,317454.0,120.53,123.46,118.6,119.82
2021-10-25 16:59:34.487069+00:00,123.04,5.0,123.06,10.0,123.06,1.0,1.0,4.0,317454.0,120.53,123.46,118.6,119.82
2021-10-25 16:59:34.487558+00:00,123.04,5.0,123.06,12.0,123.06,1.0,1.0,10.0,317455.0,120.53,123.46,118.6,119.82
2021-10-25 16:59:34.845244+00:00,123.04,5.0,123.06,12.0,123.04,10.0,1.0,10.0,317455.0,120.53,123.46,118.6,119.82
2021-10-25 16:59:34.846246+00:00,123.04,5.0,123.06,12.0,123.04,10.0,1.0,10.0,317465.0,120.53,123.46,118.6,119.82
2021-10-25 16:59:35.303906+00:00,123.04,5.0,123.06,21.0,123.04,10.0,1.0,12.0,317465.0,120.53,123.46,118.6,119.82
2021-10-25 16:59:35.304908+00:00,123.04,5.0,123.06,21.0,123.04,10.0,1.0,12.0,317465.0,120.53,123.46,118.6,119.82
2021-10-25 16:59:35.305906+00:00,123.03,4.0,123.04,7.0,123.04,1.0,5.0,21.0,317466.0,120.53,123.46,118.6,119.82
2021-10-25 16:59:35.724694+00:00,123.03,4.0,123.04,7.0,123.04,1.0,5.0,21.0,317466.0,120.53,123.46,118.6,119.82
2021-10-25 16:59:35.725691+00:00,123.03,4.0,123.04,7.0,123.04,15.0,5.0,21.0,317481.0,120.53,123.46,118.6,119.82
2021-10-25 16:59:36.122132+00:00,123.03,4.0,123.04,10.0,123.04,15.0,5.0,7.0,317481.0,120.53,123.46,118.6,119.82
2021-10-25 16:59:36.640016+00:00,123.03,4.0,123.04,10.0,123.04,15.0,5.0,7.0,317481.0,120.53,123.46,118.6,119.82
2021-10-25 16:59:36.641758+00:00,123.03,4.0,123.04,10.0,123.04,5.0,5.0,7.0,317486.0,120.53,123.46,118.6,119.82
2021-10-25 16:59:36.991923+00:00,123.03,5.0,123.04,10.0,123.04,5.0,4.0,7.0,317486.0,120.53,123.46,118.6,119.82
2021-10-25 16:59:37.307714+00:00,123.03,19.0,123.05,6.0,123.04,5.0,5.0,10.0,317486.0,120.53,123.46,118.6,119.82
2021-10-25 16:59:37.648360+00:00,123.03,19.0,123.05,6.0,123.04,5.0,5.0,10.0,317486.0,120.53,123.46,118.6,119.82
2021-10-25 16:59:37.649357+00:00,123.03,19.0,123.05,6.0,123.04,5.0,5.0,10.0,317486.0,120.53,123.46,118.6,119.82
2021-10-25 16:59:37.652350+00:00,123.01,13.0,123.03,3.0,123.03,2.0,19.0,6.0,317488.0,120.53,123.46,118.6,119.82
2021-10-25 16:59:38.006644+00:00,123.01,13.0,123.03,3.0,123.03,2.0,19.0,6.0,317488.0,120.53,123.46,118.6,119.82
2021-10-25 16:59:38.008632+00:00,123.01,13.0,123.03,3.0,123.03,1.0,19.0,6.0,317489.0,120.53,123.46,118.6,119.82
2021-10-25 16:59:38.693591+00:00,123.01,3.0,123.02,4.0,123.03,1.0,13.0,3.0,317489.0,120.53,123.46,118.6,119.82
2021-10-25 16:59:39.025638+00:00,123.01,3.0,123.02,4.0,123.03,1.0,13.0,3.0,317489.0,120.53,123.46,118.6,119.82
2021-10-25 16:59:39.025638+00:00,123.01,3.0,123.02,4.0,123.01,1.0,13.0,3.0,317489.0,120.53,123.46,118.6,119.82
2021-10-25 16:59:39.026496+00:00,123.02,1.0,123.03,8.0,123.01,1.0,6.0,2.0,317490.0,120.53,123.46,118.6,119.82
2021-10-25 16:59:39.027499+00:00,123.02,1.0,123.03,8.0,123.02,1.0,6.0,2.0,317491.0,120.53,123.46,118.6,119.82
2021-10-25 16:59:39.028494+00:00,123.01,2.0,123.03,10.0,123.02,1.0,1.0,8.0,317491.0,120.53,123.46,118.6,119.82
2021-10-25 16:59:39.450170+00:00,123.01,2.0,123.03,10.0,123.02,1.0,1.0,8.0,317492.0,120.53,123.46,118.6,119.82
2021-10-25 16:59:40.115641+00:00,123.01,1.0,123.03,14.0,123.02,1.0,2.0,10.0,317492.0,120.53,123.46,118.6,119.82
2021-10-25 16:59:40.729285+00:00,123.01,1.0,123.03,14.0,123.02,10.0,2.0,10.0,317492.0,120.53,123.46,118.6,119.82
2021-10-25 16:59:40.731280+00:00,123.01,1.0,123.03,14.0,123.02,10.0,2.0,10.0,317502.0,120.53,123.46,118.6,119.82
2021-10-25 16:59:40.732279+00:00,123.01,9.0,123.03,12.0,123.02,10.0,1.0,14.0,317502.0,120.53,123.46,118.6,119.82
2021-10-25 16:59:40.734272+00:00,123.01,2.0,123.03,11.0,123.03,3.0,9.0,12.0,317505.0,120.53,123.46,118.6,119.82
2021-10-25 16:59:41.343871+00:00,123.01,2.0,123.03,11.0,123.02,15.0,9.0,12.0,317505.0,120.53,123.46,118.6,119.82
2021-10-25 16:59:41.344767+00:00,123.01,2.0,123.03,11.0,123.02,15.0,9.0,12.0,317520.0,120.53,123.46,118.6,119.82
2021-10-25 16:59:41.346762+00:00,123.01,3.0,123.03,13.0,123.02,15.0,2.0,11.0,317520.0,120.53,123.46,118.6,119.82
2021-10-25 16:59:41.958597+00:00,123.01,3.0,123.03,13.0,123.02,15.0,2.0,11.0,317520.0,120.53,123.46,118.6,119.82
2021-10-25 16:59:41.960588+00:00,123.01,3.0,123.03,13.0,123.01,1.0,2.0,11.0,317520.0,120.53,123.46,118.6,119.82
2021-10-25 16:59:41.962057+00:00,123.01,35.0,123.03,8.0,123.01,1.0,3.0,13.0,317521.0,120.53,123.46,118.6,119.82
2021-10-25 16:59:41.963754+00:00,123.02,1.0,123.03,12.0,123.01,1.0,35.0,8.0,317521.0,120.53,123.46,118.6,119.82
2021-10-25 16:59:42.367851+00:00,123.02,1.0,123.03,12.0,123.01,1.0,35.0,8.0,317521.0,120.53,123.46,118.6,119.82
2021-10-25 16:59:42.368846+00:00,123.02,1.0,123.03,12.0,123.01,1.0,35.0,8.0,317521.0,120.53,123.46,118.6,119.82
2021-10-25 16:59:42.370940+00:00,123.01,13.0,123.02,7.0,123.02,1.0,1.0,12.0,317522.0,120.53,123.46,118.6,119.82
2021-10-25 16:59:42.372939+00:00,123.01,21.0,123.02,2.0,123.02,1.0,13.0,7.0,317522.0,120.53,123.46,118.6,119.82
2021-10-25 16:59:43.177227+00:00,123.01,21.0,123.02,2.0,123.02,1.0,13.0,7.0,317522.0,120.53,123.46,118.6,119.82
2021-10-25 16:59:43.179181+00:00,123.01,21.0,123.02,2.0,123.02,2.0,13.0,7.0,317522.0,120.53,123.46,118.6,119.82
2021-10-25 16:59:43.180177+00:00,123.02,2.0,123.03,7.0,123.02,2.0,21.0,2.0,317524.0,120.53,123.46,118.6,119.82
2021-10-25 16:59:43.502664+00:00,123.02,2.0,123.03,7.0,123.02,2.0,21.0,2.0,317524.0,120.53,123.46,118.6,119.82
2021-10-25 16:59:43.504650+00:00,123.02,2.0,123.03,7.0,123.02,2.0,21.0,2.0,317524.0,120.53,123.46,118.6,119.82
2021-10-25 16:59:43.505652+00:00,123.01,20.0,123.03,12.0,123.02,1.0,2.0,7.0,317525.0,120.53,123.46,118.6,119.82
2021-10-25 16:59:43.507642+00:00,123.02,6.0,123.03,13.0,123.02,1.0,20.0,12.0,317525.0,120.53,123.46,118.6,119.82
2021-10-25 16:59:44.221643+00:00,123.02,6.0,123.03,13.0,123.02,1.0,20.0,12.0,317525.0,120.53,123.46,118.6,119.82
2021-10-25 16:59:44.222670+00:00,123.02,6.0,123.03,13.0,123.02,1.0,20.0,12.0,317525.0,120.53,123.46,118.6,119.82
2021-10-25 16:59:44.223645+00:00,123.03,5.0,123.04,7.0,123.03,10.0,6.0,13.0,317535.0,120.53,123.46,118.6,119.82
2021-10-25 16:59:45.008256+00:00,123.03,5.0,123.04,7.0,123.03,10.0,6.0,13.0,317535.0,120.53,123.46,118.6,119.82
2021-10-25 16:59:45.009251+00:00,123.03,5.0,123.04,7.0,123.03,1.0,6.0,13.0,317535.0,120.53,123.46,118.6,119.82
2021-10-25 16:59:45.011247+00:00,123.03,5.0,123.04,7.0,123.03,1.0,6.0,13.0,317536.0,120.53,123.46,118.6,119.82
2021-10-25 16:59:45.336031+00:00,123.03,2.0,123.04,3.0,123.03,1.0,5.0,7.0,317536.0,120.53,123.46,118.6,119.82
2021-10-25 16:59:45.338426+00:00,123.03,2.0,123.04,3.0,123.03,1.0,5.0,7.0,317536.0,120.53,123.46,118.6,119.82
2021-10-25 16:59:45.338905+00:00,123.03,2.0,123.04,3.0,123.04,2.0,5.0,7.0,317538.0,120.53,123.46,118.6,119.82
2021-10-25 16:59:45.657863+00:00,123.03,4.0,123.04,2.0,123.04,2.0,2.0,3.0,317538.0,120.53,123.46,118.6,119.82
2021-10-25 16:59:45.658862+00:00,123.03,4.0,123.04,2.0,123.04,5.0,2.0,3.0,317538.0,120.53,123.46,118.6,119.82
2021-10-25 16:59:45.660855+00:00,123.03,4.0,123.04,2.0,123.04,5.0,2.0,3.0,317543.0,120.53,123.46,118.6,119.82
2021-10-25 16:59:45.977188+00:00,123.01,9.0,123.03,7.0,123.04,5.0,4.0,2.0,317543.0,120.53,123.46,118.6,119.82
2021-10-25 16:59:46.346439+00:00,123.01,9.0,123.03,7.0,123.04,5.0,4.0,2.0,317543.0,120.53,123.46,118.6,119.82
2021-10-25 16:59:46.347435+00:00,123.01,9.0,123.03,7.0,123.04,5.0,4.0,2.0,317543.0,120.53,123.46,118.6,119.82
2021-10-25 16:59:46.348431+00:00,123.01,6.0,123.03,14.0,123.02,1.0,9.0,7.0,317544.0,120.53,123.46,118.6,119.82
2021-10-25 16:59:46.776742+00:00,123.01,6.0,123.03,14.0,123.02,1.0,9.0,7.0,317544.0,120.53,123.46,118.6,119.82
2021-10-25 16:59:46.777735+00:00,123.01,6.0,123.03,14.0,123.03,20.0,9.0,7.0,317564.0,120.53,123.46,118.6,119.82
2021-10-25 16:59:47.191946+00:00,123.0,19.0,123.02,17.0,123.03,20.0,6.0,14.0,317564.0,120.53,123.46,118.6,119.82
2021-10-25 16:59:47.680276+00:00,123.0,19.0,123.02,17.0,123.03,20.0,6.0,14.0,317564.0,120.53,123.46,118.6,119.82
2021-10-25 16:59:47.682270+00:00,123.0,19.0,123.02,17.0,123.03,20.0,6.0,14.0,317564.0,120.53,123.46,118.6,119.82
2021-10-25 16:59:47.683272+00:00,123.0,1.0,123.01,12.0,123.01,2.0,13.0,14.0,317566.0,120.53,123.46,118.6,119.82
2021-10-25 16:59:47.982811+00:00,123.0,1.0,123.01,12.0,123.01,2.0,13.0,14.0,317566.0,120.53,123.46,118.6,119.82
2021-10-25 16:59:47.983806+00:00,123.0,1.0,123.01,12.0,123.0,6.0,13.0,14.0,317572.0,120.53,123.46,118.6,119.82
2021-10-25 16:59:47.984806+00:00,122.97,14.0,122.99,1.0,123.0,6.0,1.0,3.0,317572.0,120.53,123.46,118.6,119.82
2021-10-25 16:59:48.555278+00:00,122.97,14.0,122.99,1.0,123.0,6.0,1.0,3.0,317572.0,120.53,123.46,118.6,119.82
2021-10-25 16:59:48.559266+00:00,122.97,14.0,122.99,1.0,123.0,6.0,1.0,3.0,317572.0,120.53,123.46,118.6,119.82
2021-10-25 16:59:48.562346+00:00,122.97,1.0,122.98,3.0,122.98,1.0,14.0,1.0,317573.0,120.53,123.46,118.6,119.82
2021-10-25 16:59:48.895366+00:00,122.97,1.0,122.98,3.0,122.98,1.0,14.0,1.0,317573.0,120.53,123.46,118.6,119.82
2021-10-25 16:59:48.896365+00:00,122.97,1.0,122.98,3.0,122.98,1.0,14.0,1.0,317573.0,120.53,123.46,118.6,119.82
2021-10-25 16:59:48.897362+00:00,122.97,1.0,122.98,3.0,122.98,25.0,14.0,1.0,317598.0,120.53,123.46,118.6,119.82
2021-10-25 16:59:48.898720+00:00,122.98,5.0,122.99,2.0,122.98,25.0,1.0,3.0,317598.0,120.53,123.46,118.6,119.82
2021-10-25 16:59:49.203961+00:00,122.97,7.0,122.98,1.0,122.98,25.0,5.0,2.0,317598.0,120.53,123.46,118.6,119.82
2021-10-25 16:59:49.740829+00:00,122.97,7.0,122.98,1.0,122.97,1.0,5.0,2.0,317599.0,120.53,123.46,118.6,119.82
2021-10-25 16:59:49.742824+00:00,122.95,11.0,122.96,2.0,122.97,1.0,7.0,1.0,317599.0,120.53,123.46,118.6,119.82
2021-10-25 16:59:50.149658+00:00,122.95,1.0,122.96,6.0,122.97,1.0,11.0,2.0,317599.0,120.53,123.46,118.6,119.82
2021-10-25 16:59:50.150623+00:00,122.95,1.0,122.96,6.0,122.97,1.0,11.0,2.0,317599.0,120.53,123.46,118.6,119.82
2021-10-25 16:59:50.151618+00:00,122.95,1.0,122.96,6.0,122.95,2.0,11.0,2.0,317601.0,120.53,123.46,118.6,119.82
2021-10-25 16:59:50.152615+00:00,122.97,1.0,122.98,4.0,122.95,2.0,11.0,6.0,317601.0,120.53,123.46,118.6,119.82
2021-10-25 16:59:50.559117+00:00,122.97,1.0,122.98,3.0,122.95,2.0,11.0,4.0,317601.0,120.53,123.46,118.6,119.82
2021-10-25 16:59:50.561112+00:00,122.97,1.0,122.98,3.0,122.95,2.0,11.0,4.0,317601.0,120.53,123.46,118.6,119.82
2021-10-25 16:59:50.562110+00:00,122.97,1.0,122.98,3.0,122.96,1.0,11.0,4.0,317602.0,120.53,123.46,118.6,119.82
2021-10-25 16:59:51.381684+00:00,122.97,1.0,122.98,3.0,122.96,1.0,11.0,4.0,317602.0,120.53,123.46,118.6,119.82
2021-10-25 16:59:51.384677+00:00,122.97,1.0,122.98,3.0,122.97,15.0,11.0,4.0,317602.0,120.53,123.46,118.6,119.82
2021-10-25 16:59:51.385673+00:00,122.96,21.0,122.98,5.0,122.97,15.0,1.0,3.0,317617.0,120.53,123.46,118.6,119.82
2021-10-25 16:59:51.723584+00:00,122.96,22.0,122.97,4.0,122.97,15.0,21.0,5.0,317617.0,120.53,123.46,118.6,119.82
2021-10-25 16:59:51.724573+00:00,122.96,22.0,122.97,4.0,122.97,15.0,21.0,5.0,317617.0,120.53,123.46,118.6,119.82
2021-10-25 16:59:51.726567+00:00,122.96,22.0,122.97,4.0,122.97,15.0,21.0,5.0,317617.0,120.53,123.46,118.6,119.82
2021-10-25 16:59:51.727568+00:00,122.96,12.0,122.97,11.0,122.96,1.0,22.0,4.0,317618.0,120.53,123.46,118.6,119.82
2021-10-25 16:59:52.045854+00:00,122.96,12.0,122.97,11.0,122.96,1.0,22.0,4.0,317618.0,120.53,123.46,118.6,119.82
2021-10-25 16:59:52.047295+00:00,122.96,12.0,122.97,11.0,122.96,1.0,22.0,4.0,317619.0,120.53,123.46,118.6,119.82
2021-10-25 16:59:52.609739+00:00,122.96,11.0,122.97,13.0,122.96,1.0,12.0,11.0,317619.0,120.53,123.46,118.6,119.82
2021-10-25 16:59:53.017522+00:00,122.96,11.0,122.97,13.0,122.96,1.0,12.0,11.0,317619.0,120.53,123.46,118.6,119.82
2021-10-25 16:59:53.020855+00:00,122.96,11.0,122.97,13.0,122.96,9.0,12.0,11.0,317628.0,120.53,123.46,118.6,119.82
2021-10-25 16:59:53.022507+00:00,122.95,11.0,122.96,2.0,122.96,1.0,12.0,13.0,317629.0,120.53,123.46,118.6,119.82
2021-10-25 16:59:53.025498+00:00,122.95,31.0,122.97,14.0,122.96,1.0,11.0,2.0,317629.0,120.53,123.46,118.6,119.82
2021-10-25 16:59:53.734584+00:00,122.95,31.0,122.97,14.0,122.96,1.0,11.0,2.0,317629.0,120.53,123.46,118.6,119.82
2021-10-25 16:59:53.736293+00:00,122.95,31.0,122.97,14.0,122.98,9.0,11.0,2.0,317638.0,120.53,123.46,118.6,119.82
2021-10-25 16:59:53.737576+00:00,122.97,2.0,122.98,4.0,122.98,9.0,31.0,14.0,317638.0,120.53,123.46,118.6,119.82
2021-10-25 16:59:54.246983+00:00,122.96,18.0,122.98,7.0,122.98,9.0,2.0,4.0,317638.0,120.53,123.46,118.6,119.82
2021-10-25 16:59:54.247982+00:00,122.96,18.0,122.98,7.0,122.98,9.0,2.0,4.0,317638.0,120.53,123.46,118.6,119.82
2021-10-25 16:59:54.249977+00:00,122.96,18.0,122.97,1.0,122.97,1.0,2.0,7.0,317639.0,120.53,123.46,118.6,119.82
2021-10-25 16:59:54.784095+00:00,122.95,17.0,122.97,6.0,122.97,1.0,18.0,1.0,317639.0,120.53,123.46,118.6,119.82
2021-10-25 16:59:54.786374+00:00,122.95,17.0,122.97,6.0,122.96,1.0,18.0,1.0,317639.0,120.53,123.46,118.6,119.82
2021-10-25 16:59:54.787165+00:00,122.95,17.0,122.97,6.0,122.96,1.0,18.0,1.0,317640.0,120.53,123.46,118.6,119.82
2021-10-25 16:59:55.074474+00:00,122.95,17.0,122.97,6.0,122.96,1.0,18.0,1.0,317640.0,120.53,123.46,118.6,119.82
2021-10-25 16:59:55.076469+00:00,122.95,17.0,122.97,6.0,122.96,1.0,18.0,1.0,317640.0,120.53,123.46,118.6,119.82
2021-10-25 16:59:55.077467+00:00,122.95,17.0,122.97,6.0,122.97,5.0,18.0,1.0,317645.0,120.53,123.46,118.6,119.82
2021-10-25 16:59:55.394360+00:00,122.95,17.0,122.97,6.0,122.97,5.0,18.0,1.0,317645.0,120.53,123.46,118.6,119.82
2021-10-25 16:59:55.396356+00:00,122.95,17.0,122.97,6.0,122.94,1.0,18.0,1.0,317646.0,120.53,123.46,118.6,119.82
2021-10-25 16:59:55.397349+00:00,122.94,1.0,122.95,3.0,122.94,1.0,17.0,6.0,317646.0,120.53,123.46,118.6,119.82
2021-10-25 16:59:55.890276+00:00,122.94,1.0,122.95,3.0,122.94,1.0,17.0,6.0,317646.0,120.53,123.46,118.6,119.82
2021-10-25 16:59:55.892270+00:00,122.94,1.0,122.95,3.0,122.93,1.0,17.0,6.0,317646.0,120.53,123.46,118.6,119.82
2021-10-25 16:59:55.893263+00:00,122.94,1.0,122.95,3.0,122.93,1.0,17.0,6.0,317647.0,120.53,123.46,118.6,119.82
2021-10-25 16:59:56.296156+00:00,122.93,12.0,122.95,4.0,122.93,1.0,1.0,3.0,317647.0,120.53,123.46,118.6,119.82
2021-10-25 16:59:56.703920+00:00,122.93,12.0,122.95,4.0,122.93,1.0,1.0,3.0,317647.0,120.53,123.46,118.6,119.82
2021-10-25 16:59:56.704920+00:00,122.93,12.0,122.95,4.0,122.93,1.0,1.0,3.0,317647.0,120.53,123.46,118.6,119.82
2021-10-25 16:59:56.706911+00:00,122.93,12.0,122.95,4.0,122.94,10.0,1.0,3.0,317657.0,120.53,123.46,118.6,119.82
2021-10-25 16:59:57.026247+00:00,122.94,1.0,122.96,4.0,122.94,10.0,12.0,3.0,317657.0,120.53,123.46,118.6,119.82
2021-10-25 16:59:57.028243+00:00,122.94,1.0,122.96,4.0,122.94,10.0,12.0,3.0,317657.0,120.53,123.46,118.6,119.82
2021-10-25 16:59:57.029240+00:00,122.94,1.0,122.96,4.0,122.95,5.0,12.0,3.0,317662.0,120.53,123.46,118.6,119.82
2021-10-25 16:59:57.030239+00:00,122.93,24.0,122.96,5.0,122.95,5.0,1.0,4.0,317662.0,120.53,123.46,118.6,119.82
2021-10-25 16:59:57.352437+00:00,122.92,2.0,122.93,2.0,122.95,5.0,24.0,5.0,317662.0,120.53,123.46,118.6,119.82
2021-10-25 16:59:57.659454+00:00,122.92,2.0,122.93,2.0,122.95,5.0,24.0,5.0,317662.0,120.53,123.46,118.6,119.82
2021-10-25 16:59:57.660392+00:00,122.92,2.0,122.93,2.0,122.93,1.0,24.0,5.0,317662.0,120.53,123.46,118.6,119.82
2021-10-25 16:59:57.662491+00:00,122.93,12.0,122.95,6.0,122.93,1.0,2.0,2.0,317663.0,120.53,123.46,118.6,119.82
2021-10-25 16:59:57.664381+00:00,122.91,18.0,122.94,21.0,122.93,1.0,12.0,6.0,317663.0,120.53,123.46,118.6,119.82
2021-10-25 16:59:57.996119+00:00,122.91,18.0,122.94,21.0,122.93,1.0,12.0,6.0,317664.0,120.53,123.46,118.6,119.82
2021-10-25 16:59:58.395909+00:00,122.91,18.0,122.94,21.0,122.93,1.0,12.0,6.0,317664.0,120.53,123.46,118.6,119.82
2021-10-25 16:59:58.396904+00:00,122.91,18.0,122.94,21.0,122.93,1.0,12.0,6.0,317664.0,120.53,123.46,118.6,119.82
2021-10-25 16:59:58.399409+00:00,122.91,17.0,122.94,10.0,122.93,1.0,18.0,21.0,317665.0,120.53,123.46,118.6,119.82
2021-10-25 16:59:58.707661+00:00,122.94,1.0,122.95,3.0,122.93,1.0,17.0,10.0,317665.0,120.53,123.46,118.6,119.82
2021-10-25 16:59:59.048212+00:00,122.94,1.0,122.95,3.0,122.93,1.0,17.0,10.0,317666.0,120.53,123.46,118.6,119.82
2021-10-25 16:59:59.050198+00:00,122.94,1.0,122.95,3.0,122.93,1.0,17.0,10.0,317666.0,120.53,123.46,118.6,119.82
2021-10-25 16:59:59.051196+00:00,122.94,1.0,122.95,3.0,122.94,1.0,17.0,10.0,317666.0,120.53,123.46,118.6,119.82
2021-10-25 16:59:59.052194+00:00,122.93,7.0,122.95,9.0,122.94,1.0,1.0,3.0,317666.0,120.53,123.46,118.6,119.82
2021-10-25 16:59:59.494140+00:00,122.93,7.0,122.95,9.0,122.94,1.0,1.0,3.0,317666.0,120.53,123.46,118.6,119.82
2021-10-25 16:59:59.495050+00:00,122.93,7.0,122.95,9.0,122.93,5.0,1.0,3.0,317666.0,120.53,123.46,118.6,119.82
2021-10-25 16:59:59.502033+00:00,122.93,7.0,122.95,9.0,122.93,5.0,1.0,3.0,317671.0,120.53,123.46,118.6,119.82
2021-10-25 16:59:59.813570+00:00,122.95,4.0,122.97,10.0,122.93,5.0,7.0,9.0,317671.0,120.53,123.46,118.6,119.82
2021-10-25 17:00:00.146240+00:00,122.95,4.0,122.97,10.0,122.93,5.0,7.0,9.0,317671.0,120.53,123.46,118.6,119.82
2021-10-25 17:00:00.148233+00:00,122.95,4.0,122.97,10.0,122.95,2.0,7.0,9.0,317673.0,120.53,123.46,118.6,119.82
2021-10-25 17:00:00.149232+00:00,122.94,17.0,122.97,15.0,122.95,2.0,4.0,10.0,317673.0,120.53,123.46,118.6,119.82
2021-10-25 17:00:00.492649+00:00,122.94,17.0,122.97,15.0,122.96,7.0,4.0,10.0,317673.0,120.53,123.46,118.6,119.82
2021-10-25 17:00:00.494480+00:00,122.94,17.0,122.97,15.0,122.96,7.0,4.0,10.0,317680.0,120.53,123.46,118.6,119.82
2021-10-25 17:00:00.495478+00:00,122.95,2.0,122.97,16.0,122.96,7.0,17.0,15.0,317680.0,120.53,123.46,118.6,119.82
2021-10-25 17:00:00.901879+00:00,122.95,2.0,122.97,16.0,122.96,7.0,17.0,15.0,317680.0,120.53,123.46,118.6,119.82
2021-10-25 17:00:00.902608+00:00,122.95,2.0,122.96,4.0,122.95,2.0,17.0,16.0,317682.0,120.53,123.46,118.6,119.82
2021-10-25 17:00:01.831990+00:00,122.95,5.0,122.96,6.0,122.95,2.0,2.0,4.0,317682.0,120.53,123.46,118.6,119.82
2021-10-25 17:00:02.203954+00:00,122.95,5.0,122.96,6.0,122.95,2.0,2.0,4.0,318337.0,120.53,123.46,118.6,119.82
2021-10-25 17:00:02.205949+00:00,122.95,5.0,122.96,6.0,122.95,2.0,2.0,4.0,318337.0,120.53,123.46,118.6,119.82
2021-10-25 17:00:02.209938+00:00,122.95,5.0,122.96,6.0,122.96,1.0,2.0,4.0,318337.0,120.53,123.46,118.6,119.82
2021-10-25 17:00:02.503023+00:00,122.95,5.0,122.96,6.0,122.96,20.0,2.0,4.0,318357.0,120.53,123.46,118.6,119.82
2021-10-25 17:00:02.504453+00:00,122.95,9.0,122.96,3.0,122.96,20.0,5.0,6.0,318357.0,120.53,123.46,118.6,119.82
2021-10-25 17:00:02.949059+00:00,122.95,4.0,122.96,8.0,122.96,20.0,9.0,3.0,318357.0,120.53,123.46,118.6,119.82
2021-10-25 17:00:02.951046+00:00,122.95,4.0,122.96,8.0,122.95,10.0,9.0,3.0,318357.0,120.53,123.46,118.6,119.82
2021-10-25 17:00:02.952042+00:00,122.95,4.0,122.96,8.0,122.95,10.0,9.0,3.0,318367.0,120.53,123.46,118.6,119.82
2021-10-25 17:00:03.404303+00:00,122.95,4.0,122.96,8.0,122.95,10.0,9.0,3.0,318367.0,120.53,123.46,118.6,119.82
2021-10-25 17:00:03.405453+00:00,122.95,4.0,122.96,8.0,122.95,1.0,9.0,3.0,318368.0,120.53,123.46,118.6,119.82
2021-10-25 17:00:03.406595+00:00,122.95,2.0,122.96,12.0,122.95,1.0,4.0,8.0,318368.0,120.53,123.46,118.6,119.82
2021-10-25 17:00:03.911727+00:00,122.95,2.0,122.96,12.0,122.95,1.0,4.0,8.0,318368.0,120.53,123.46,118.6,119.82
2021-10-25 17:00:03.912882+00:00,122.95,2.0,122.96,12.0,122.95,1.0,4.0,8.0,318368.0,120.53,123.46,118.6,119.82
2021-10-25 17:00:03.913704+00:00,122.95,16.0,122.96,1.0,122.95,1.0,2.0,12.0,318369.0,120.53,123.46,118.6,119.82
2021-10-25 17:00:04.487163+00:00,122.95,6.0,122.96,3.0,122.95,1.0,16.0,1.0,318369.0,120.53,123.46,118.6,119.82
2021-10-25 17:00:04.812712+00:00,122.95,6.0,122.96,3.0,122.95,1.0,16.0,1.0,318370.0,120.53,123.46,118.6,119.82
2021-10-25 17:00:04.813708+00:00,122.95,2.0,122.96,22.0,122.95,1.0,6.0,3.0,318370.0,120.53,123.46,118.6,119.82
2021-10-25 17:00:05.305375+00:00,122.95,2.0,122.96,22.0,122.95,1.0,6.0,3.0,318370.0,120.53,123.46,118.6,119.82
2021-10-25 17:00:05.306370+00:00,122.95,2.0,122.96,22.0,122.95,1.0,6.0,3.0,318371.0,120.53,123.46,118.6,119.82
2021-10-25 17:00:05.715420+00:00,122.95,2.0,122.96,10.0,122.95,1.0,6.0,22.0,318371.0,120.53,123.46,118.6,119.82
2021-10-25 17:00:06.330027+00:00,122.95,2.0,122.96,10.0,122.95,1.0,6.0,22.0,318371.0,120.53,123.46,118.6,119.82
2021-10-25 17:00:06.332023+00:00,122.95,2.0,122.96,10.0,122.95,1.0,6.0,22.0,318372.0,120.53,123.46,118.6,119.82
2021-10-25 17:00:06.334020+00:00,122.92,8.0,122.93,1.0,122.95,1.0,7.0,8.0,318372.0,120.53,123.46,118.6,119.82
2021-10-25 17:00:06.943843+00:00,122.92,8.0,122.93,1.0,122.95,1.0,7.0,8.0,318372.0,120.53,123.46,118.6,119.82
2021-10-25 17:00:06.945835+00:00,122.92,8.0,122.93,1.0,122.95,1.0,7.0,8.0,318372.0,120.53,123.46,118.6,119.82
2021-10-25 17:00:06.946832+00:00,122.93,2.0,122.94,2.0,122.93,1.0,8.0,1.0,318373.0,120.53,123.46,118.6,119.82
2021-10-25 17:00:07.352711+00:00,122.93,2.0,122.94,2.0,122.94,3.0,8.0,1.0,318373.0,120.53,123.46,118.6,119.82
2021-10-25 17:00:07.355700+00:00,122.93,2.0,122.94,2.0,122.94,3.0,8.0,1.0,318376.0,120.53,123.46,118.6,119.82
2021-10-25 17:00:07.357694+00:00,122.92,8.0,122.94,10.0,122.93,1.0,2.0,2.0,318377.0,120.53,123.46,118.6,119.82
2021-10-25 17:00:07.685559+00:00,122.92,15.0,122.94,11.0,122.93,1.0,8.0,10.0,318377.0,120.53,123.46,118.6,119.82
2021-10-25 17:00:07.686556+00:00,122.92,15.0,122.94,11.0,122.93,1.0,8.0,10.0,318378.0,120.53,123.46,118.6,119.82
2021-10-25 17:00:07.688862+00:00,122.93,4.0,122.95,9.0,122.93,1.0,15.0,11.0,318378.0,120.53,123.46,118.6,119.82
2021-10-25 17:00:08.007530+00:00,122.93,15.0,122.95,7.0,122.93,1.0,4.0,9.0,318378.0,120.53,123.46,118.6,119.82
2021-10-25 17:00:08.377195+00:00,122.93,15.0,122.95,7.0,122.93,1.0,4.0,9.0,318378.0,120.53,123.46,118.6,119.82
2021-10-25 17:00:08.378200+00:00,122.93,15.0,122.95,7.0,122.93,1.0,4.0,9.0,318378.0,120.53,123.46,118.6,119.82
2021-10-25 17:00:08.380189+00:00,122.93,15.0,122.95,7.0,122.94,1.0,4.0,9.0,318379.0,120.53,123.46,118.6,119.82
2021-10-25 17:00:08.827277+00:00,122.93,7.0,122.95,14.0,122.94,1.0,15.0,7.0,318379.0,120.53,123.46,118.6,119.82
2021-10-25 17:00:08.828271+00:00,122.93,7.0,122.95,14.0,122.94,1.0,15.0,7.0,318379.0,120.53,123.46,118.6,119.82
2021-10-25 17:00:08.829270+00:00,122.94,4.0,122.96,8.0,122.93,1.0,7.0,14.0,318380.0,120.53,123.46,118.6,119.82
2021-10-25 17:00:09.196941+00:00,122.94,1.0,122.96,18.0,122.93,1.0,4.0,8.0,318380.0,120.53,123.46,118.6,119.82
2021-10-25 17:00:09.606227+00:00,122.94,1.0,122.96,18.0,122.93,1.0,4.0,8.0,318380.0,120.53,123.46,118.6,119.82
2021-10-25 17:00:09.607224+00:00,122.94,1.0,122.96,18.0,122.94,8.0,4.0,8.0,318380.0,120.53,123.46,118.6,119.82
2021-10-25 17:00:09.609218+00:00,122.94,1.0,122.96,18.0,122.94,8.0,4.0,8.0,318388.0,120.53,123.46,118.6,119.82
2021-10-25 17:00:09.611213+00:00,122.93,6.0,122.94,1.0,122.94,8.0,1.0,18.0,318388.0,120.53,123.46,118.6,119.82
2021-10-25 17:00:09.612211+00:00,122.93,7.0,122.94,1.0,122.94,8.0,6.0,18.0,318388.0,120.53,123.46,118.6,119.82
2021-10-25 17:00:10.016504+00:00,122.93,7.0,122.94,1.0,122.94,10.0,6.0,18.0,318388.0,120.53,123.46,118.6,119.82
2021-10-25 17:00:10.017498+00:00,122.93,7.0,122.94,1.0,122.94,10.0,6.0,18.0,318398.0,120.53,123.46,118.6,119.82
2021-10-25 17:00:10.018504+00:00,122.93,3.0,122.94,8.0,122.94,10.0,7.0,1.0,318398.0,120.53,123.46,118.6,119.82
2021-10-25 17:00:10.427291+00:00,122.93,3.0,122.94,8.0,122.94,10.0,7.0,1.0,318398.0,120.53,123.46,118.6,119.82
2021-10-25 17:00:10.429136+00:00,122.93,3.0,122.94,8.0,122.93,1.0,7.0,1.0,318398.0,120.53,123.46,118.6,119.82
2021-10-25 17:00:10.431132+00:00,122.93,3.0,122.94,8.0,122.93,1.0,7.0,1.0,318399.0,120.53,123.46,118.6,119.82
2021-10-25 17:00:10.835901+00:00,122.93,1.0,122.94,6.0,122.93,1.0,3.0,8.0,318399.0,120.53,123.46,118.6,119.82
2021-10-25 17:00:10.837333+00:00,122.93,1.0,122.94,6.0,122.94,5.0,3.0,8.0,318399.0,120.53,123.46,118.6,119.82
2021-10-25 17:00:10.838332+00:00,122.93,1.0,122.94,6.0,122.94,5.0,3.0,8.0,318404.0,120.53,123.46,118.6,119.82
2021-10-25 17:00:11.449896+00:00,122.93,1.0,122.94,6.0,122.94,1.0,3.0,8.0,318404.0,120.53,123.46,118.6,119.82
2021-10-25 17:00:11.450893+00:00,122.93,1.0,122.94,6.0,122.94,1.0,3.0,8.0,318405.0,120.53,123.46,118.6,119.82
2021-10-25 17:00:11.451887+00:00,122.95,11.0,122.97,2.0,122.94,1.0,1.0,6.0,318405.0,120.53,123.46,118.6,119.82
2021-10-25 17:00:11.859609+00:00,122.96,1.0,122.97,1.0,122.94,1.0,11.0,2.0,318405.0,120.53,123.46,118.6,119.82
2021-10-25 17:00:11.861510+00:00,122.96,1.0,122.97,1.0,122.94,1.0,11.0,2.0,318405.0,120.53,123.46,118.6,119.82
2021-10-25 17:00:11.862602+00:00,122.96,1.0,122.97,1.0,122.95,1.0,11.0,2.0,318406.0,120.53,123.46,118.6,119.82
2021-10-25 17:00:11.864596+00:00,122.95,13.0,122.97,2.0,122.95,1.0,1.0,1.0,318406.0,120.53,123.46,118.6,119.82
2021-10-25 17:00:12.475255+00:00,122.95,13.0,122.97,2.0,122.95,1.0,1.0,1.0,318406.0,120.53,123.46,118.6,119.82
2021-10-25 17:00:12.477249+00:00,122.95,13.0,122.97,2.0,122.95,1.0,1.0,1.0,318406.0,120.53,123.46,118.6,119.82
2021-10-25 17:00:12.478247+00:00,122.99,4.0,123.0,3.0,122.97,1.0,13.0,2.0,318407.0,120.53,123.46,118.6,119.82
2021-10-25 17:00:13.087828+00:00,122.99,4.0,123.0,3.0,122.97,1.0,13.0,2.0,318407.0,120.53,123.46,118.6,119.82
2021-10-25 17:00:13.088825+00:00,122.99,4.0,123.0,3.0,122.97,1.0,13.0,2.0,318407.0,120.53,123.46,118.6,119.82
2021-10-25 17:00:13.089821+00:00,122.99,4.0,123.0,3.0,122.96,1.0,13.0,2.0,318408.0,120.53,123.46,118.6,119.82
2021-10-25 17:00:13.496674+00:00,122.99,6.0,123.0,5.0,122.96,1.0,4.0,3.0,318408.0,120.53,123.46,118.6,119.82
2021-10-25 17:00:14.111331+00:00,122.99,6.0,123.0,5.0,122.96,1.0,4.0,3.0,318408.0,120.53,123.46,118.6,119.82
2021-10-25 17:00:14.112504+00:00,122.99,6.0,123.0,5.0,123.0,5.0,4.0,3.0,318408.0,120.53,123.46,118.6,119.82
2021-10-25 17:00:14.115477+00:00,122.99,6.0,123.0,5.0,123.0,5.0,4.0,3.0,318413.0,120.53,123.46,118.6,119.82
2021-10-25 17:00:14.727375+00:00,122.99,10.0,123.0,4.0,123.0,1.0,6.0,5.0,318413.0,120.53,123.46,118.6,119.82
2021-10-25 17:00:14.729366+00:00,123.01,4.0,123.03,34.0,123.0,1.0,10.0,4.0,318414.0,120.53,123.46,118.6,119.82
2021-10-25 17:00:15.076378+00:00,123.01,15.0,123.03,24.0,123.02,8.0,4.0,34.0,318422.0,120.53,123.46,118.6,119.82
2021-10-25 17:00:15.372826+00:00,123.01,15.0,123.03,24.0,123.01,5.0,4.0,34.0,318422.0,120.53,123.46,118.6,119.82
2021-10-25 17:00:15.374095+00:00,123.01,15.0,123.03,24.0,123.01,5.0,4.0,34.0,318427.0,120.53,123.46,118.6,119.82
2021-10-25 17:00:15.701084+00:00,123.01,8.0,123.03,41.0,123.01,5.0,15.0,24.0,318427.0,120.53,123.46,118.6,119.82
2021-10-25 17:00:15.703074+00:00,123.01,8.0,123.03,41.0,123.01,1.0,15.0,24.0,318427.0,120.53,123.46,118.6,119.82
2021-10-25 17:00:15.706065+00:00,123.0,28.0,123.02,4.0,123.01,1.0,8.0,41.0,318428.0,120.53,123.46,118.6,119.82
2021-10-25 17:00:16.015782+00:00,123.01,1.0,123.02,4.0,123.01,1.0,28.0,41.0,318428.0,120.53,123.46,118.6,119.82
2021-10-25 17:00:16.349596+00:00,123.01,1.0,123.02,4.0,123.01,1.0,28.0,41.0,318428.0,120.53,123.46,118.6,119.82
2021-10-25 17:00:16.350525+00:00,123.01,1.0,123.02,4.0,123.01,1.0,28.0,41.0,318428.0,120.53,123.46,118.6,119.82
2021-10-25 17:00:16.352511+00:00,122.97,9.0,122.99,1.0,122.99,1.0,1.0,4.0,318429.0,120.53,123.46,118.6,119.82
2021-10-25 17:00:16.674987+00:00,122.98,12.0,123.0,14.0,122.99,1.0,9.0,1.0,318429.0,120.53,123.46,118.6,119.82
2021-10-25 17:00:17.010179+00:00,122.98,12.0,123.0,14.0,122.99,1.0,9.0,1.0,318429.0,120.53,123.46,118.6,119.82
2021-10-25 17:00:17.012174+00:00,122.98,12.0,123.0,14.0,122.97,1.0,9.0,1.0,318430.0,120.53,123.46,118.6,119.82
2021-10-25 17:00:17.013171+00:00,122.98,2.0,123.0,11.0,122.97,1.0,12.0,14.0,318430.0,120.53,123.46,118.6,119.82
2021-10-25 17:00:17.322514+00:00,122.98,2.0,123.0,11.0,122.97,1.0,12.0,14.0,318430.0,120.53,123.46,118.6,119.82
2021-10-25 17:00:17.324163+00:00,122.98,2.0,123.0,11.0,122.98,1.0,12.0,14.0,318430.0,120.53,123.46,118.6,119.82
2021-10-25 17:00:17.325081+00:00,122.98,13.0,123.0,5.0,122.98,1.0,2.0,11.0,318431.0,120.53,123.46,118.6,119.82
2021-10-25 17:00:18.002403+00:00,122.98,13.0,123.0,5.0,123.0,17.0,2.0,11.0,318431.0,120.53,123.46,118.6,119.82
2021-10-25 17:00:18.003395+00:00,122.98,13.0,123.0,5.0,123.0,17.0,2.0,11.0,318448.0,120.53,123.46,118.6,119.82
2021-10-25 17:00:18.617182+00:00,122.98,17.0,123.0,4.0,123.0,17.0,13.0,5.0,318448.0,120.53,123.46,118.6,119.82
2021-10-25 17:00:18.619284+00:00,122.98,17.0,123.0,4.0,123.0,17.0,13.0,5.0,318448.0,120.53,123.46,118.6,119.82
2021-10-25 17:00:18.621167+00:00,122.98,17.0,123.0,4.0,122.99,1.0,13.0,5.0,318449.0,120.53,123.46,118.6,119.82
2021-10-25 17:00:18.932639+00:00,123.0,7.0,123.01,1.0,122.99,1.0,17.0,4.0,318449.0,120.53,123.46,118.6,119.82
2021-10-25 17:00:18.933637+00:00,123.0,7.0,123.01,1.0,122.99,1.0,17.0,4.0,318449.0,120.53,123.46,118.6,119.82
2021-10-25 17:00:18.935631+00:00,123.0,6.0,123.02,4.0,123.0,1.0,7.0,1.0,318450.0,120.53,123.46,118.6,119.82
2021-10-25 17:00:19.244140+00:00,123.0,6.0,123.02,4.0,123.0,1.0,7.0,1.0,318450.0,120.53,123.46,118.6,119.82
2021-10-25 17:00:19.245170+00:00,123.0,6.0,123.02,4.0,123.01,1.0,7.0,1.0,318451.0,120.53,123.46,118.6,119.82
2021-10-25 17:00:19.565491+00:00,123.0,6.0,123.02,10.0,123.01,1.0,7.0,4.0,318451.0,120.53,123.46,118.6,119.82
2021-10-25 17:00:19.892616+00:00,123.0,6.0,123.02,10.0,123.01,1.0,7.0,4.0,318451.0,120.53,123.46,118.6,119.82
2021-10-25 17:00:19.893608+00:00,123.0,6.0,123.02,10.0,123.01,1.0,7.0,4.0,318452.0,120.53,123.46,118.6,119.82
2021-10-25 17:00:20.203340+00:00,123.0,6.0,123.02,10.0,123.01,1.0,7.0,4.0,318452.0,120.53,123.46,118.6,119.82
2021-10-25 17:00:20.204333+00:00,123.0,6.0,123.02,10.0,123.01,1.0,7.0,4.0,318453.0,120.53,123.46,118.6,119.82
2021-10-25 17:00:20.205437+00:00,123.0,4.0,123.02,12.0,123.01,1.0,6.0,10.0,318453.0,120.53,123.46,118.6,119.82
2021-10-25 17:00:20.608843+00:00,123.0,17.0,123.02,12.0,123.01,1.0,4.0,10.0,318453.0,120.53,123.46,118.6,119.82
2021-10-25 17:00:20.926644+00:00,123.0,17.0,123.02,12.0,123.01,1.0,4.0,10.0,318453.0,120.53,123.46,118.6,119.82
2021-10-25 17:00:20.927639+00:00,123.0,17.0,123.02,12.0,123.01,1.0,4.0,10.0,318453.0,120.53,123.46,118.6,119.82
2021-10-25 17:00:20.928640+00:00,123.0,17.0,123.02,12.0,123.01,1.0,4.0,10.0,318454.0,120.53,123.46,118.6,119.82
2021-10-25 17:00:21.279896+00:00,123.01,3.0,123.02,10.0,123.01,1.0,17.0,12.0,318454.0,120.53,123.46,118.6,119.82
2021-10-25 17:00:21.281892+00:00,123.01,3.0,123.02,10.0,123.01,1.0,17.0,12.0,318454.0,120.53,123.46,118.6,119.82
2021-10-25 17:00:21.282886+00:00,123.01,3.0,123.02,10.0,123.02,9.0,17.0,12.0,318463.0,120.53,123.46,118.6,119.82
2021-10-25 17:00:21.690336+00:00,123.01,4.0,123.02,11.0,123.02,9.0,3.0,10.0,318463.0,120.53,123.46,118.6,119.82
2021-10-25 17:00:22.100191+00:00,123.01,4.0,123.02,11.0,123.02,1.0,3.0,10.0,318463.0,120.53,123.46,118.6,119.82
2021-10-25 17:00:22.101189+00:00,123.01,4.0,123.02,11.0,123.02,1.0,3.0,10.0,318464.0,120.53,123.46,118.6,119.82
2021-10-25 17:00:22.713743+00:00,123.01,5.0,123.02,13.0,123.02,1.0,4.0,11.0,318464.0,120.53,123.46,118.6,119.82
2021-10-25 17:00:23.327305+00:00,123.01,5.0,123.02,13.0,123.02,1.0,4.0,11.0,318464.0,120.53,123.46,118.6,119.82
2021-10-25 17:00:23.329365+00:00,123.01,5.0,123.02,13.0,123.01,6.0,4.0,11.0,318467.0,120.53,123.46,118.6,119.82
2021-10-25 17:00:23.331295+00:00,123.01,5.0,123.02,13.0,123.01,6.0,4.0,11.0,318473.0,120.53,123.46,118.6,119.82
2021-10-25 17:00:23.942455+00:00,123.01,6.0,123.02,13.0,123.01,6.0,5.0,11.0,318473.0,120.53,123.46,118.6,119.82
2021-10-25 17:00:23.944451+00:00,123.01,6.0,123.02,13.0,123.02,2.0,5.0,11.0,318473.0,120.53,123.46,118.6,119.82
2021-10-25 17:00:23.945453+00:00,123.01,9.0,123.02,14.0,123.02,2.0,6.0,13.0,318475.0,120.53,123.46,118.6,119.82
2021-10-25 17:00:24.356049+00:00,123.01,9.0,123.02,14.0,123.02,2.0,6.0,13.0,318475.0,120.53,123.46,118.6,119.82
2021-10-25 17:00:24.359045+00:00,123.02,37.0,123.03,1.0,123.02,2.0,9.0,14.0,318477.0,120.53,123.46,118.6,119.82
2021-10-25 17:00:24.682635+00:00,123.02,37.0,123.03,1.0,123.02,4.0,9.0,14.0,318477.0,120.53,123.46,118.6,119.82
2021-10-25 17:00:24.684617+00:00,123.02,37.0,123.03,1.0,123.02,4.0,9.0,14.0,318481.0,120.53,123.46,118.6,119.82
2021-10-25 17:00:25.342308+00:00,123.02,37.0,123.03,1.0,123.03,20.0,9.0,14.0,318481.0,120.53,123.46,118.6,119.82
2021-10-25 17:00:25.343305+00:00,123.02,37.0,123.03,1.0,123.03,20.0,9.0,14.0,318501.0,120.53,123.46,118.6,119.82
2021-10-25 17:00:25.345298+00:00,123.02,16.0,123.03,2.0,123.03,20.0,37.0,1.0,318501.0,120.53,123.46,118.6,119.82
2021-10-25 17:00:26.195086+00:00,123.02,16.0,123.03,2.0,123.03,1.0,37.0,1.0,318501.0,120.53,123.46,118.6,119.82
2021-10-25 17:00:26.196076+00:00,123.02,16.0,123.03,2.0,123.03,1.0,37.0,1.0,318502.0,120.53,123.46,118.6,119.82
2021-10-25 17:00:26.198069+00:00,123.02,15.0,123.03,3.0,123.03,1.0,16.0,2.0,318502.0,120.53,123.46,118.6,119.82
2021-10-25 17:00:27.218948+00:00,123.02,15.0,123.03,3.0,123.03,1.0,16.0,2.0,318502.0,120.53,123.46,118.6,119.82
2021-10-25 17:00:27.219960+00:00,123.02,15.0,123.03,3.0,123.03,25.0,16.0,2.0,318527.0,120.53,123.46,118.6,119.82
2021-10-25 17:00:27.220942+00:00,123.02,3.0,123.03,3.0,123.03,25.0,15.0,2.0,318527.0,120.53,123.46,118.6,119.82
2021-10-25 17:00:28.242623+00:00,123.02,3.0,123.03,3.0,123.03,25.0,15.0,2.0,318527.0,120.53,123.46,118.6,119.82
2021-10-25 17:00:28.244615+00:00,123.02,3.0,123.03,3.0,123.03,25.0,15.0,2.0,318527.0,120.53,123.46,118.6,119.82
2021-10-25 17:00:28.245612+00:00,123.02,3.0,123.03,3.0,123.02,1.0,15.0,2.0,318528.0,120.53,123.46,118.6,119.82
2021-10-25 17:00:28.247607+00:00,123.0,17.0,123.01,2.0,123.02,1.0,3.0,3.0,318528.0,120.53,123.46,118.6,119.82
2021-10-25 17:00:28.249601+00:00,123.0,17.0,123.01,2.0,123.01,6.0,3.0,3.0,318534.0,120.53,123.46,118.6,119.82
2021-10-25 17:00:28.251595+00:00,123.0,2.0,123.01,2.0,123.01,6.0,17.0,3.0,318534.0,120.53,123.46,118.6,119.82
2021-10-25 17:00:29.267113+00:00,123.0,3.0,123.02,10.0,123.01,6.0,2.0,2.0,318534.0,120.53,123.46,118.6,119.82
2021-10-25 17:00:29.270369+00:00,123.0,3.0,123.02,10.0,123.01,6.0,2.0,2.0,318534.0,120.53,123.46,118.6,119.82
2021-10-25 17:00:29.271098+00:00,123.0,4.0,123.02,12.0,123.01,2.0,3.0,10.0,318536.0,120.53,123.46,118.6,119.82
2021-10-25 17:00:30.290732+00:00,123.0,4.0,123.02,12.0,123.01,2.0,3.0,10.0,318536.0,120.53,123.46,118.6,119.82
2021-10-25 17:00:30.291728+00:00,123.0,4.0,123.02,12.0,123.0,1.0,3.0,10.0,318536.0,120.53,123.46,118.6,119.82
2021-10-25 17:00:30.294717+00:00,122.99,9.0,123.0,1.0,123.0,1.0,4.0,12.0,318537.0,120.53,123.46,118.6,119.82
2021-10-25 17:00:30.300811+00:00,122.99,5.0,123.0,4.0,122.99,1.0,17.0,6.0,318538.0,120.53,123.46,118.6,119.82
2021-10-25 17:00:31.313991+00:00,122.99,5.0,123.0,4.0,122.99,1.0,17.0,6.0,318538.0,120.53,123.46,118.6,119.82
2021-10-25 17:00:31.315985+00:00,122.99,5.0,123.0,4.0,122.98,1.0,17.0,6.0,318538.0,120.53,123.46,118.6,119.82
2021-10-25 17:00:31.317982+00:00,122.99,16.0,123.0,3.0,122.99,1.0,19.0,4.0,318540.0,120.53,123.46,118.6,119.82
2021-10-25 17:00:31.929115+00:00,122.99,16.0,123.0,3.0,122.99,1.0,19.0,4.0,318540.0,120.53,123.46,118.6,119.82
2021-10-25 17:00:31.930112+00:00,122.99,16.0,123.0,3.0,122.99,1.0,19.0,4.0,318540.0,120.53,123.46,118.6,119.82
2021-10-25 17:00:31.931109+00:00,122.99,16.0,123.0,3.0,123.0,8.0,19.0,4.0,318548.0,120.53,123.46,118.6,119.82
2021-10-25 17:00:31.932105+00:00,122.99,16.0,123.0,4.0,123.0,5.0,19.0,3.0,318553.0,120.53,123.46,118.6,119.82
2021-10-25 17:00:32.747414+00:00,122.99,16.0,123.0,4.0,123.0,7.0,19.0,3.0,318553.0,120.53,123.46,118.6,119.82
2021-10-25 17:00:32.749409+00:00,122.99,16.0,123.0,4.0,123.0,7.0,19.0,3.0,318560.0,120.53,123.46,118.6,119.82
2021-10-25 17:00:32.750408+00:00,123.0,12.0,123.01,2.0,123.0,7.0,16.0,4.0,319017.0,120.53,123.46,118.6,119.82
2021-10-25 17:00:32.751407+00:00,123.0,2.0,123.01,9.0,123.0,1.0,12.0,2.0,319018.0,120.53,123.46,118.6,119.82
2021-10-25 17:00:33.373114+00:00,123.0,2.0,123.01,9.0,123.0,1.0,12.0,2.0,319018.0,120.53,123.46,118.6,119.82
2021-10-25 17:00:33.374110+00:00,123.0,2.0,123.01,9.0,123.0,20.0,12.0,2.0,319018.0,120.53,123.46,118.6,119.82
2021-10-25 17:00:33.375217+00:00,122.99,23.0,123.01,10.0,123.0,20.0,2.0,9.0,319038.0,120.53,123.46,118.6,119.82
2021-10-25 17:00:33.983678+00:00,122.99,23.0,123.01,10.0,123.0,20.0,2.0,9.0,319038.0,120.53,123.46,118.6,119.82
2021-10-25 17:00:33.984674+00:00,122.99,23.0,123.01,10.0,123.0,3.0,2.0,9.0,319038.0,120.53,123.46,118.6,119.82
2021-10-25 17:00:33.985673+00:00,122.99,21.0,123.01,17.0,123.0,3.0,23.0,10.0,319041.0,120.53,123.46,118.6,119.82
2021-10-25 17:00:34.526624+00:00,122.99,21.0,123.01,17.0,123.0,3.0,23.0,10.0,319041.0,120.53,123.46,118.6,119.82
2021-10-25 17:00:34.528452+00:00,122.99,21.0,123.01,17.0,123.01,1.0,23.0,10.0,319042.0,120.53,123.46,118.6,119.82
2021-10-25 17:00:34.529448+00:00,122.99,18.0,123.01,17.0,123.01,1.0,21.0,10.0,319042.0,120.53,123.46,118.6,119.82
2021-10-25 17:00:34.846577+00:00,122.99,18.0,123.0,30.0,123.01,1.0,21.0,17.0,319042.0,120.53,123.46,118.6,119.82
2021-10-25 17:00:34.848565+00:00,122.99,18.0,123.0,30.0,123.01,1.0,21.0,17.0,319042.0,120.53,123.46,118.6,119.82
2021-10-25 17:00:34.849561+00:00,122.97,4.0,122.98,4.0,122.99,1.0,18.0,30.0,319043.0,120.53,123.46,118.6,119.82
2021-10-25 17:00:35.435251+00:00,122.97,4.0,122.98,1.0,122.99,1.0,18.0,4.0,319043.0,120.53,123.46,118.6,119.82
2021-10-25 17:00:35.878416+00:00,122.97,4.0,122.98,1.0,122.99,1.0,18.0,4.0,319043.0,120.53,123.46,118.6,119.82
2021-10-25 17:00:35.879538+00:00,122.97,4.0,122.98,1.0,122.99,1.0,18.0,4.0,319044.0,120.53,123.46,118.6,119.82
2021-10-25 17:00:35.881404+00:00,122.97,4.0,122.98,1.0,122.99,1.0,18.0,4.0,319045.0,120.53,123.46,118.6,119.82
2021-10-25 17:00:35.882403+00:00,122.98,12.0,123.0,41.0,122.99,1.0,4.0,1.0,319045.0,120.53,123.46,118.6,119.82
2021-10-25 17:00:36.640510+00:00,122.99,5.0,123.0,8.0,122.99,1.0,12.0,41.0,319045.0,120.53,123.46,118.6,119.82
2021-10-25 17:00:37.464382+00:00,122.99,5.0,123.0,8.0,122.99,1.0,12.0,41.0,319045.0,120.53,123.46,118.6,119.82
2021-10-25 17:00:37.465382+00:00,122.99,5.0,123.0,8.0,123.0,1.0,12.0,41.0,319045.0,120.53,123.46,118.6,119.82
2021-10-25 17:00:37.467370+00:00,122.99,8.0,123.0,9.0,123.0,5.0,5.0,8.0,319051.0,120.53,123.46,118.6,119.82
2021-10-25 17:00:38.277836+00:00,122.99,8.0,123.0,9.0,123.0,5.0,5.0,8.0,319051.0,120.53,123.46,118.6,119.82
2021-10-25 17:00:38.279831+00:00,122.99,8.0,123.0,9.0,123.0,1.0,5.0,8.0,319052.0,120.53,123.46,118.6,119.82
2021-10-25 17:00:38.281825+00:00,123.0,2.0,123.01,8.0,123.0,1.0,8.0,9.0,319053.0,120.53,123.46,118.6,119.82
2021-10-25 17:00:38.883443+00:00,122.99,17.0,123.01,20.0,123.0,1.0,2.0,8.0,319053.0,120.53,123.46,118.6,119.82
2021-10-25 17:00:39.301459+00:00,122.99,15.0,123.01,15.0,123.0,1.0,17.0,20.0,319053.0,120.53,123.46,118.6,119.82
2021-10-25 17:00:40.119912+00:00,122.99,15.0,123.01,15.0,123.0,1.0,17.0,20.0,319053.0,120.53,123.46,118.6,119.82
2021-10-25 17:00:40.122906+00:00,122.99,15.0,123.01,15.0,123.0,1.0,17.0,20.0,319054.0,120.53,123.46,118.6,119.82
2021-10-25 17:00:40.124902+00:00,123.0,3.0,123.01,15.0,123.0,1.0,15.0,20.0,319054.0,120.53,123.46,118.6,119.82
2021-10-25 17:00:40.772839+00:00,123.0,12.0,123.01,16.0,123.0,1.0,3.0,15.0,319054.0,120.53,123.46,118.6,119.82
2021-10-25 17:00:40.774833+00:00,123.0,12.0,123.01,16.0,123.0,1.0,3.0,15.0,319054.0,120.53,123.46,118.6,119.82
2021-10-25 17:00:40.775829+00:00,123.0,4.0,123.01,30.0,123.0,1.0,12.0,16.0,319055.0,120.53,123.46,118.6,119.82
2021-10-25 17:00:41.556261+00:00,123.0,4.0,123.01,30.0,123.0,1.0,12.0,16.0,319055.0,120.53,123.46,118.6,119.82
2021-10-25 17:00:41.558251+00:00,123.0,4.0,123.01,30.0,123.0,1.0,12.0,16.0,319056.0,120.53,123.46,118.6,119.82
2021-10-25 17:00:41.559251+00:00,123.0,4.0,123.01,32.0,123.0,3.0,12.0,30.0,319059.0,120.53,123.46,118.6,119.82
2021-10-25 17:00:42.374085+00:00,123.0,4.0,123.01,32.0,123.0,1.0,12.0,30.0,319059.0,120.53,123.46,118.6,119.82
2021-10-25 17:00:42.376076+00:00,123.0,4.0,123.01,32.0,123.0,1.0,12.0,30.0,319060.0,120.53,123.46,118.6,119.82
2021-10-25 17:00:42.377073+00:00,122.99,16.0,123.0,1.0,123.0,1.0,4.0,27.0,319060.0,120.53,123.46,118.6,119.82
2021-10-25 17:00:42.988390+00:00,122.99,16.0,123.0,1.0,123.0,1.0,4.0,27.0,319060.0,120.53,123.46,118.6,119.82
2021-10-25 17:00:42.990386+00:00,122.99,16.0,123.0,1.0,123.0,1.0,4.0,27.0,319060.0,120.53,123.46,118.6,119.82
2021-10-25 17:00:42.991782+00:00,123.0,1.0,123.01,15.0,122.99,1.0,16.0,1.0,319061.0,120.53,123.46,118.6,119.82
2021-10-25 17:00:42.993377+00:00,122.99,14.0,123.01,19.0,122.99,1.0,1.0,15.0,319061.0,120.53,123.46,118.6,119.82
2021-10-25 17:00:42.995371+00:00,122.99,14.0,123.01,19.0,123.0,1.0,1.0,15.0,319062.0,120.53,123.46,118.6,119.82
2021-10-25 17:00:43.398116+00:00,122.99,14.0,123.01,19.0,123.0,1.0,1.0,15.0,319062.0,120.53,123.46,118.6,119.82
2021-10-25 17:00:43.399115+00:00,122.99,14.0,123.01,19.0,123.0,7.0,1.0,15.0,319062.0,120.53,123.46,118.6,119.82
