bid,bidSize,ask,askSize,last,lastSize,prevBidSize,prevAskSize,volume,open,high,low,close
119.97,18.0,120.0,10.0,119.99,1.0,13.0,11.0,387519.0,120.75,121.56,118.37,119.33
119.97,18.0,120.0,10.0,119.99,1.0,13.0,11.0,387520.0,120.75,121.56,118.37,119.33
119.97,18.0,120.0,10.0,119.99,1.0,13.0,11.0,387520.0,120.75,121.56,118.37,119.33
119.97,18.0,120.0,8.0,120.0,1.0,13.0,10.0,387520.0,120.75,121.56,118.37,119.33
119.97,18.0,120.0,8.0,120.0,1.0,13.0,10.0,387520.0,120.75,121.56,118.37,119.33
119.97,18.0,120.0,5.0,120.0,1.0,13.0,8.0,387521.0,120.75,121.56,118.37,119.33
119.97,18.0,120.0,5.0,120.0,1.0,13.0,8.0,387521.0,120.75,121.56,118.37,119.33
119.97,18.0,120.0,5.0,119.99,1.0,13.0,8.0,387522.0,120.75,121.56,118.37,119.33
119.97,18.0,119.99,29.0,119.99,1.0,13.0,5.0,387522.0,120.75,121.56,118.37,119.33
119.97,18.0,119.99,29.0,119.99,1.0,13.0,5.0,387522.0,120.75,121.56,118.37,119.33
119.97,18.0,119.99,29.0,119.99,5.0,13.0,5.0,387522.0,120.75,121.56,118.37,119.33
119.97,18.0,119.99,23.0,119.99,5.0,13.0,29.0,387527.0,120.75,121.56,118.37,119.33
119.97,18.0,119.99,23.0,119.99,5.0,13.0,29.0,387527.0,120.75,121.56,118.37,119.33
119.97,18.0,119.99,23.0,119.99,1.0,13.0,29.0,387528.0,120.75,121.56,118.37,119.33
119.97,18.0,119.99,22.0,119.99,1.0,13.0,23.0,387528.0,120.75,121.56,118.37,119.33
119.97,21.0,119.99,22.0,119.99,1.0,18.0,23.0,387528.0,120.75,121.56,118.37,119.33
119.98,3.0,119.99,22.0,119.99,1.0,21.0,23.0,387528.0,120.75,121.56,118.37,119.33
119.98,3.0,119.99,22.0,119.99,1.0,21.0,23.0,387528.0,120.75,121.56,118.37,119.33
119.98,3.0,119.99,22.0,119.99,10.0,21.0,23.0,387538.0,120.75,121.56,118.37,119.33
119.98,3.0,120.0,6.0,119.99,10.0,21.0,22.0,387538.0,120.75,121.56,118.37,119.33
119.98,3.0,120.0,6.0,119.99,10.0,21.0,22.0,387538.0,120.75,121.56,118.37,119.33
119.98,3.0,120.0,6.0,119.99,12.0,21.0,22.0,387550.0,120.75,121.56,118.37,119.33
119.99,3.0,120.0,6.0,119.99,12.0,21.0,22.0,387550.0,120.75,121.56,118.37,119.33
119.99,3.0,120.0,6.0,119.99,12.0,21.0,22.0,387554.0,120.75,121.56,118.37,119.33
119.99,2.0,120.0,6.0,119.99,12.0,3.0,22.0,387554.0,120.75,121.56,118.37,119.33
119.99,2.0,120.0,6.0,119.99,12.0,3.0,22.0,387554.0,120.75,121.56,118.37,119.33
119.99,2.0,120.0,6.0,119.99,2.0,3.0,22.0,387556.0,120.75,121.56,118.37,119.33
119.97,18.0,120.0,6.0,119.99,2.0,2.0,22.0,387556.0,120.75,121.56,118.37,119.33
119.97,18.0,120.0,6.0,119.99,2.0,2.0,22.0,387556.0,120.75,121.56,118.37,119.33
119.97,18.0,120.0,6.0,119.99,2.0,2.0,22.0,387556.0,120.75,121.56,118.37,119.33
119.86,1.0,119.95,1.0,119.98,1.0,18.0,6.0,387557.0,120.75,121.56,118.37,119.33
119.86,1.0,119.95,1.0,119.98,1.0,18.0,6.0,387557.0,120.75,121.56,118.37,119.33
119.86,1.0,119.95,1.0,119.97,1.0,18.0,6.0,387558.0,120.75,121.56,118.37,119.33
119.86,1.0,119.95,3.0,119.97,1.0,18.0,1.0,387558.0,120.75,121.56,118.37,119.33
119.86,1.0,119.95,3.0,119.97,1.0,18.0,1.0,387586.0,120.75,121.56,118.37,119.33
119.86,1.0,119.95,3.0,119.97,1.0,18.0,1.0,387586.0,120.75,121.56,118.37,119.33
119.86,1.0,119.95,3.0,119.92,1.0,18.0,1.0,387587.0,120.75,121.56,118.37,119.33
119.86,1.0,119.95,3.0,119.86,10.0,18.0,1.0,387587.0,120.75,121.56,118.37,119.33
119.86,1.0,119.95,3.0,119.86,10.0,18.0,1.0,387597.0,120.75,121.56,118.37,119.33
119.87,1.0,119.95,3.0,119.86,10.0,18.0,1.0,387597.0,120.75,121.56,118.37,119.33
119.87,1.0,119.95,3.0,119.86,10.0,18.0,1.0,387598.0,120.75,121.56,118.37,119.33
119.87,2.0,119.95,3.0,119.86,10.0,1.0,1.0,387598.0,120.75,121.56,118.37,119.33
119.87,2.0,119.97,1.0,119.86,10.0,1.0,3.0,387598.0,120.75,121.56,118.37,119.33
119.87,2.0,119.97,1.0,119.86,10.0,1.0,3.0,387599.0,120.75,121.56,118.37,119.33
119.9,11.0,119.97,1.0,119.86,10.0,2.0,3.0,387599.0,120.75,121.56,118.37,119.33
119.94,11.0,119.97,1.0,119.86,10.0,2.0,3.0,387599.0,120.75,121.56,118.37,119.33
119.94,11.0,119.97,1.0,119.86,10.0,2.0,3.0,387612.0,120.75,121.56,118.37,119.33
119.94,11.0,119.97,1.0,119.86,10.0,2.0,3.0,387612.0,120.75,121.56,118.37,119.33
119.94,11.0,119.97,1.0,119.94,2.0,2.0,3.0,387614.0,120.75,121.56,118.37,119.33
119.94,11.0,119.97,1.0,119.94,2.0,2.0,3.0,387614.0,120.75,121.56,118.37,119.33
119.94,11.0,119.97,1.0,119.82,45.0,2.0,3.0,387659.0,120.75,121.56,118.37,119.33
119.95,11.0,119.97,1.0,119.82,45.0,2.0,3.0,387659.0,120.75,121.56,118.37,119.33
119.95,11.0,119.97,1.0,119.82,45.0,2.0,3.0,387659.0,120.75,121.56,118.37,119.33
119.95,11.0,119.97,1.0,119.97,1.0,2.0,3.0,387660.0,120.75,121.56,118.37,119.33
119.97,2.0,119.99,6.0,119.97,1.0,11.0,1.0,387660.0,120.75,121.56,118.37,119.33
119.97,1.0,119.99,6.0,119.97,1.0,2.0,1.0,387660.0,120.75,121.56,118.37,119.33
119.97,11.0,119.99,6.0,119.97,1.0,1.0,1.0,387660.0,120.75,121.56,118.37,119.33
119.97,11.0,119.99,6.0,119.97,1.0,1.0,1.0,387660.0,120.75,121.56,118.37,119.33
119.97,11.0,119.99,6.0,119.99,1.0,1.0,1.0,387661.0,120.75,121.56,118.37,119.33
119.99,1.0,120.0,20.0,119.99,1.0,11.0,6.0,387661.0,120.75,121.56,118.37,119.33
119.99,1.0,120.0,20.0,119.99,1.0,11.0,6.0,387661.0,120.75,121.56,118.37,119.33
119.99,1.0,120.0,20.0,119.99,1.0,11.0,6.0,387662.0,120.75,121.56,118.37,119.33
119.99,1.0,120.0,20.0,119.99,1.0,11.0,6.0,387662.0,120.75,121.56,118.37,119.33
119.99,1.0,120.0,20.0,119.99,1.0,11.0,6.0,387663.0,120.75,121.56,118.37,119.33
119.99,1.0,120.0,20.0,119.99,24.0,11.0,6.0,387663.0,120.75,121.56,118.37,119.33
119.99,1.0,120.0,20.0,119.99,24.0,11.0,6.0,387687.0,120.75,121.56,118.37,119.33
119.99,1.0,120.0,20.0,119.99,24.0,11.0,6.0,387687.0,120.75,121.56,118.37,119.33
119.99,1.0,120.0,20.0,119.99,1.0,11.0,6.0,387688.0,120.75,121.56,118.37,119.33
119.99,1.0,120.0,20.0,119.99,29.0,11.0,6.0,387688.0,120.75,121.56,118.37,119.33
119.99,1.0,120.0,20.0,119.99,29.0,11.0,6.0,387717.0,120.75,121.56,118.37,119.33
119.99,1.0,120.0,20.0,119.99,29.0,11.0,6.0,387717.0,120.75,121.56,118.37,119.33
119.99,1.0,120.0,20.0,119.98,1.0,11.0,6.0,387718.0,120.75,121.56,118.37,119.33
119.94,10.0,119.96,3.0,119.98,1.0,1.0,20.0,387718.0,120.75,121.56,118.37,119.33
119.94,10.0,119.96,3.0,119.97,2.0,1.0,20.0,387718.0,120.75,121.56,118.37,119.33
119.94,10.0,119.96,3.0,119.97,2.0,1.0,20.0,387720.0,120.75,121.56,118.37,119.33
119.94,10.0,119.96,3.0,119.97,2.0,1.0,20.0,387764.0,120.75,121.56,118.37,119.33
119.94,10.0,119.96,8.0,119.97,2.0,1.0,3.0,387764.0,120.75,121.56,118.37,119.33
119.94,10.0,119.96,8.0,119.97,2.0,1.0,3.0,387764.0,120.75,121.56,118.37,119.33
119.9,10.0,120.0,20.0,119.94,8.0,1.0,8.0,387772.0,120.75,121.56,118.37,119.33
119.9,10.0,120.0,20.0,119.94,1.0,1.0,8.0,387772.0,120.75,121.56,118.37,119.33
119.9,10.0,120.0,20.0,119.94,1.0,1.0,8.0,387773.0,120.75,121.56,118.37,119.33
119.9,10.0,120.0,20.0,119.94,1.0,1.0,8.0,387774.0,120.75,121.56,118.37,119.33
119.95,2.0,120.0,20.0,119.94,1.0,10.0,8.0,387774.0,120.75,121.56,118.37,119.33
119.95,12.0,120.0,20.0,119.94,1.0,2.0,8.0,387774.0,120.75,121.56,118.37,119.33
119.95,12.0,120.0,20.0,119.94,1.0,2.0,8.0,387774.0,120.75,121.56,118.37,119.33
119.95,12.0,120.0,20.0,119.95,3.0,2.0,8.0,387777.0,120.75,121.56,118.37,119.33
119.95,9.0,120.0,20.0,119.95,3.0,12.0,8.0,387777.0,120.75,121.56,118.37,119.33
119.95,8.0,120.0,20.0,119.95,3.0,9.0,8.0,387777.0,120.75,121.56,118.37,119.33
119.95,8.0,120.0,21.0,119.95,3.0,9.0,20.0,387777.0,120.75,121.56,118.37,119.33
119.95,8.0,120.0,21.0,119.95,3.0,9.0,20.0,387779.0,120.75,121.56,118.37,119.33
119.95,8.0,120.0,22.0,119.95,3.0,9.0,21.0,387779.0,120.75,121.56,118.37,119.33
119.95,8.0,120.0,22.0,119.95,3.0,9.0,21.0,387779.0,120.75,121.56,118.37,119.33
119.95,8.0,120.0,22.0,119.95,6.0,9.0,21.0,387785.0,120.75,121.56,118.37,119.33
119.94,10.0,120.0,22.0,119.95,2.0,8.0,21.0,387787.0,120.75,121.56,118.37,119.33
119.94,10.0,120.0,21.0,119.95,2.0,8.0,22.0,387787.0,120.75,121.56,118.37,119.33
119.94,10.0,120.0,22.0,119.95,2.0,8.0,21.0,387787.0,120.75,121.56,118.37,119.33
119.94,10.0,119.95,6.0,119.95,2.0,8.0,22.0,387787.0,120.75,121.56,118.37,119.33
119.94,10.0,119.95,6.0,119.95,2.0,8.0,22.0,387788.0,120.75,121.56,118.37,119.33
119.94,10.0,119.95,7.0,119.95,2.0,8.0,6.0,387788.0,120.75,121.56,118.37,119.33
119.94,10.0,119.95,6.0,119.95,2.0,8.0,7.0,387788.0,120.75,121.56,118.37,119.33
